Name,Date,points,Weight,Body Weight
Taylor Atwood,06/14/2021,123.42,838.5 kg,73.6 kg
Jesse Norris,12/13/2014,121.99,914 kg,89.3 kg
Austin Perkins,05/20/2023,121.20,825 kg,73.9 kg
Ashton Rouska,11/14/2020,120.97,950.5 kg,98.5 kg
Bobb Matthews,03/04/2023,119.84,937.5 kg,97.6 kg
Keenan Lee,12/17/2022,119.32,957.5 kg,102.9 kg
Brandon Pitre,06/03/2023,118.18,887.5 kg,89.7 kg
Russel Orhii,12/17/2022,117.74,885 kg,89.9 kg
Rondel Hunte,03/04/2023,117.08,1002.5 kg,118.7 kg
Jonathan Cayco,02/27/2021,116.94,892.5 kg,92.7 kg
Jamarr Royster,11/05/2022,115.59,832.5 kg,82.5 kg
Dominique Fuqua,04/29/2023,115.47,870 kg,90.3 kg
Ricardo Ramos,04/08/2021,115.42,542.5 kg,65.9 kg
Gavin Adin,06/14/2021,115.40,880 kg,92.6 kg
Bryce Lewis,06/14/2021,114.67,927.5 kg,104.7 kg
Sean Noriega,07/18/2020,114.55,825 kg,82.5 kg
Kyle de Leon,03/04/2023,114.50,822.5 kg,82.1 kg
Daniel Clements,12/10/2022,114.50,745 kg,67.8 kg
Jon Gruden,06/08/2022,114.25,817.5 kg,81.5 kg
Angelo Fortino,06/08/2022,114.19,819.5 kg,81.9 kg
Micheal Seay,12/04/2021,114.17,785 kg,75.4 kg
Joseph Borenstein,12/01/2022,114.05,780 kg,74.6 kg
Delaney Wallace,06/14/2021,113.90,822.5 kg,82.9 kg
Jawon Garrison,09/24/2022,113.79,817.5 kg,82.1 kg
Jonathan Hill,06/08/2022,113.37,872.5 kg,94.3 kg
Dennis Cornelius,03/05/2016,113.26,971.5 kg,119.2 kg
Michael Davis,03/20/2021,112.97,915 kg,105 kg
Connor Borkert,11/14/2020,112.65,860 kg,92.8 kg
Alex Luckow,03/11/2023,112.40,807.5 kg,82.1 kg
Cameron Harmon,12/01/2022,112.39,760 kg,73 kg
Joseph Amendola,12/04/2021,112.27,907.5 kg,104.6 kg
John Haack,10/13/2016,112.19,810 kg,82.9 kg
Keith Mchoney,07/21/2018,112.14,732.5 kg,68.3 kg
Dwardly Edouard,05/20/2023,112.10,882.5 kg,98.9 kg
Blaine Sumner,03/07/2020,112.08,1296 kg,176.2 kg
Cameron Smith,06/14/2021,111.84,852.5 kg,92.5 kg
Chance Mitchell,10/16/2021,111.83,853 kg,92.6 kg
Marcus Adodo,10/15/2022,111.72,875 kg,97.8 kg
Zachary DiCostanzo,03/18/2023,111.64,757.5 kg,73.5 kg
Ls Mcclain,03/02/2019,111.33,812.5 kg,84.7 kg
Charlie Dickson,10/16/2019,111.18,845 kg,91.9 kg
Neil Osano,03/04/2023,111.18,760 kg,74.5 kg
Jerald Scott,06/08/2022,111.14,795 kg,81.4 kg
Seun Jubril,03/04/2023,110.97,795 kg,81.7 kg
Benjamin Poore,02/11/2023,110.95,830 kg,89 kg
Sean Jin,06/03/2023,110.77,797.5 kg,82.4 kg
Jimmy Villanueva,02/04/2023,110.68,790 kg,81.1 kg
Morgan Aquino Garcia,06/08/2022,110.64,715 kg,66.9 kg
Brian Le,10/08/2022,110.41,710 kg,66.3 kg
Charles Okpoko,03/19/2022,110.37,742.5 kg,72.3 kg
Daniel Howell,03/25/2023,110.37,827.5 kg,89.4 kg
Jared Martin,03/04/2023,110.31,963 kg,124.2 kg
Edward Taylor,10/24/2020,110.30,790 kg,81.6 kg
Devin Mervau,05/06/2023,110.25,827.5 kg,89.6 kg
Cayman Battle,11/15/2020,110.15,890 kg,104.5 kg
Stephen Lehew,10/11/2018,110.05,748 kg,73.7 kg
HIFON SMITH,03/05/2016,109.99,944.5 kg,119.5 kg
Jesus Olivares,12/12/2020,109.94,1055.5 kg,157.8 kg
Jordan Mckinley,12/03/2022,109.89,820 kg,88.6 kg
David Woolson,06/08/2022,109.79,900 kg,107.8 kg
Justin Rogers,06/14/2021,109.78,837.5 kg,92.6 kg
Darius Bunch,01/14/2023,109.76,835 kg,92.1 kg
Garrett Blevins,03/04/2017,109.67,885.5 kg,104.3 kg
Ray Williams,03/04/2017,109.58,1105 kg,182.3 kg
Anthony Bilal,09/03/2022,109.50,785 kg,81.8 kg
Richard Cho,10/16/2019,109.39,743 kg,73.6 kg
Peter Hoang,05/20/2023,109.21,747.5 kg,74.7 kg
Christopher Perez,06/07/2022,109.21,783.5 kg,81.9 kg
David Chan,11/06/2021,109.01,787.5 kg,83 kg
Quitarius Chatman,05/20/2023,108.88,772.5 kg,80.1 kg
Dameion Morris,09/10/2022,108.83,780 kg,81.7 kg
Jonathan Garcia,11/21/2020,108.81,697 kg,65.8 kg
Kevin Nguyen,06/08/2022,108.80,950 kg,124.2 kg
Premar Namnama,11/13/2022,108.78,800 kg,86 kg
Kyle Power,10/16/2019,108.72,827.5 kg,92.2 kg
Fujii Yuya,12/17/2022,108.71,745 kg,74.9 kg
David Ricks,04/29/2017,108.71,825.5 kg,91.8 kg
Mark Frezzell,03/04/2023,108.66,742.5 kg,74.5 kg
Josiah Vivero,03/04/2023,108.63,745 kg,75 kg
Tracy Gilliard,12/10/2022,108.62,782.5 kg,82.6 kg
Anas Anbar,03/05/2023,108.57,742.5 kg,74.6 kg
Eric LaPointe,06/08/2022,108.47,742.5 kg,74.7 kg
Joshua Tukua,09/10/2022,108.47,815 kg,89.8 kg
Andre' Easter Ii,06/12/2021,108.44,825 kg,92.1 kg
Justin West,06/17/2023,108.40,780 kg,82.4 kg
Daniel Morris,06/03/2023,108.37,790 kg,84.5 kg
Edward Wilson,03/06/2021,108.30,732.5 kg,73 kg
Lorenzo Wright,03/19/2022,108.17,852.5 kg,99.1 kg
Dominique Stephens,03/02/2019,108.16,800 kg,87 kg
Zachary Yamamoto,02/04/2023,108.03,852.5 kg,99.4 kg
Joshua Powell,10/08/2022,108.00,847.5 kg,98.2 kg
Eli Burks,10/11/2018,107.89,870 kg,104 kg
Kim Tran,06/15/2019,107.82,730 kg,73.2 kg
Lawrence Hinson,06/03/2023,107.76,802.5 kg,88.2 kg
Evan Judice,03/11/2023,107.67,737.5 kg,74.8 kg
Frank Allen,05/20/2023,107.46,1070 kg,175.3 kg
Daniel Libre,03/02/2019,107.45,812.5 kg,91 kg
Michael Tuchscherer,02/28/2014,107.37,916.5 kg,117.9 kg
Tevin Duncan,06/10/2023,107.28,805 kg,89.6 kg
Sol Na,05/20/2023,107.26,772.5 kg,82.5 kg
Kai Zhao,11/06/2021,107.23,817.5 kg,92.5 kg
Sean Moser,03/02/2019,107.18,817.5 kg,92.6 kg
Hayden Willis,04/13/2023,107.14,795 kg,87.6 kg
Taylor Casteel,04/13/2023,107.11,843 kg,98.8 kg
Knute Douglas,11/15/2020,107.10,927.5 kg,83 kg
Charvis Paia,11/20/2021,106.97,772.5 kg,83 kg
Jacob Ramos,06/08/2022,106.97,732.5 kg,74.8 kg
Amir Ganiev,10/29/2022,106.87,805 kg,90.3 kg
Uthdoung pros,03/06/2022,106.84,765 kg,81.6 kg
Trevor Bowlus,02/26/2022,106.81,765 kg,81.6 kg
Vasil Gushterov,03/14/2015,106.80,865 kg,105 kg
Trey Rikard,06/03/2023,106.80,802.5 kg,89.8 kg
Nico Chiodo,10/30/2022,106.79,800 kg,89.3 kg
Deon Johnston,06/08/2022,106.78,730 kg,74.5 kg
Preston Savoy Jr,10/15/2022,106.77,862.5 kg,104.4 kg
Charlie Yeng,06/08/2022,106.75,682.5 kg,65.6 kg
Christian Habihirwe,08/10/2019,106.70,815 kg,92.9 kg
Matthew Treherne,02/09/2019,106.68,815 kg,92.9 kg
Nicholas Guidice,11/07/2020,106.63,850 kg,101.5 kg
Jerkerion simmons,05/13/2023,106.60,762.5 kg,81.4 kg
Dallas Bey,03/04/2023,106.58,727.5 kg,74.3 kg
Kalil Zaky,06/03/2023,106.57,840 kg,99.1 kg
Joseph Hardy,10/13/2016,106.48,845 kg,100.5 kg
Matthew Yeung,05/13/2023,106.42,765 kg,82.2 kg
Sean Collins,07/27/2019,106.40,762.5 kg,81.7 kg
David Shelton,06/14/2021,106.38,767.5 kg,82.8 kg
Gage Carreon,03/06/2022,106.37,755 kg,80.2 kg
Matt Sohmer,10/11/2018,106.37,910 kg,118.5 kg
caden schoffelman,06/03/2023,106.36,795 kg,88.9 kg
Shane Nutt,04/08/2021,106.33,795 kg,88.9 kg
Daquan Studstill,05/20/2023,106.32,832.5 kg,97.8 kg
Benjamin Rice,03/02/2019,106.32,852.5 kg,102.8 kg
Perry Ellis,06/10/2016,106.31,912.5 kg,119.4 kg
Grant Ivarson,04/13/2023,106.27,864 kg,105.9 kg
Sean Mills,11/05/2022,106.24,872.5 kg,108.2 kg
Ian Bell,06/14/2021,106.18,1036 kg,104.4 kg
Sindell Thomas,01/07/2023,106.07,762.5 kg,82.2 kg
Lamar Rhodes,09/24/2022,106.06,780 kg,86 kg
Eric Gardner,02/19/2022,105.96,802.5 kg,91.3 kg
Brandon Dudley,01/07/2023,105.96,875 kg,109.5 kg
Devin Williams,03/04/2023,105.93,902.5 kg,117.4 kg
TraShon Hightower,12/04/2021,105.91,750 kg,79.8 kg
Xavier Bailey,05/20/2023,105.88,777.5 kg,85.8 kg
Lorenzo Tomasiello,04/22/2023,105.84,790 kg,88.6 kg
Todd Talford,06/03/2023,105.82,797.5 kg,90.4 kg
Enrique Lugo,02/26/2022,105.81,920 kg,123 kg
Benjamin Collins,03/04/2023,105.77,787.5 kg,88.2 kg
Brett Peach,04/13/2023,105.74,756 kg,81.3 kg
James Wilson,06/09/2018,105.74,810 kg,93.4 kg
Brendan Baugher,03/04/2023,105.68,790 kg,88.9 kg
Jonnie Candito,03/07/2020,105.66,760 kg,82.3 kg
Blake Atwell,06/14/2021,105.59,900 kg,117.5 kg
Joshua Nougaisse,06/26/2021,105.48,805 kg,92.7 kg
Clay Kuhlemeier,06/03/2023,105.44,750 kg,80.5 kg
Ryan Baylark,12/01/2018,105.40,760 kg,82.7 kg
Nathan Walton,02/04/2017,105.34,717.5 kg,74 kg
Garrett Bailey,02/26/2017,105.34,827.5 kg,98.4 kg
Michael Davis,10/11/2018,105.32,850 kg,104.2 kg
Mitchell Deskis,05/12/2018,105.31,757.5 kg,82.3 kg
Patrick Posten,03/08/2020,105.29,800 kg,91.9 kg
mason Cabney,05/18/2019,105.26,752.5 kg,81.3 kg
Maxavier Jean-Philippe,06/15/2019,105.20,847.5 kg,103.8 kg
Christopher Rivera,09/03/2022,105.19,755 kg,82 kg
Henry Kuti,04/13/2023,105.16,750 kg,80.9 kg
Austin Nikolai,03/04/2023,105.08,675 kg,66.2 kg
Carson Allen,08/04/2019,105.06,755 kg,82.2 kg
Yehia Aboelnaga,02/12/2022,105.04,857.5 kg,106.8 kg
Gregory Johnson,02/25/2018,104.98,840 kg,102.3 kg
Chris Dunn,02/04/2017,104.98,797.5 kg,91.8 kg
Charles Auta,10/16/2019,104.85,750 kg,81.4 kg
Thomas Haubold,07/25/2020,104.83,755 kg,82.5 kg
Demetrius Smith,01/21/2023,104.82,785 kg,89.2 kg
Everett Clark,05/01/2021,104.80,790 kg,90.4 kg
Garry Mendez,02/04/2023,104.72,782.5 kg,88.8 kg
Michael Coladipietro,07/11/2020,104.71,712.5 kg,73.9 kg
Rodrigo Manzo,10/16/2019,104.68,670 kg,65.7 kg
Ethan Marshall,05/27/2023,104.65,780 kg,88.4 kg
Andrew Pears,02/22/2014,104.61,810 kg,95.5 kg
Joshua Broussard,11/21/2020,104.59,755 kg,82.9 kg
David Moore,04/17/2021,104.59,897.5 kg,119.3 kg
Ken Nguyen,03/26/2022,104.54,712.5 kg,74.1 kg
Derrington Wright,01/17/2016,104.51,780.5 kg,88.7 kg
Jalen Faulk,10/15/2022,104.50,822.5 kg,98.8 kg
Rob Ali,02/15/2020,104.47,785 kg,89.8 kg
Jefferson Shue,02/04/2023,104.43,750 kg,82.1 kg
Anthony Harris,10/13/2016,104.41,895 kg,119 kg
Aaron Terry,02/25/2023,104.40,912.5 kg,124.5 kg
Nico Flores,03/11/2023,104.39,750 kg,82.1 kg
Nathen Pangaldan,04/22/2023,104.38,712.5 kg,74.3 kg
Jacob Staley,12/03/2022,104.37,747.5 kg,81.6 kg
Dominic Rowden,10/15/2022,104.36,765 kg,85.5 kg
CJ Shuford,12/10/2022,104.35,675 kg,67.1 kg
Camden Wilson,11/05/2022,104.33,855 kg,107.7 kg
Brandon Jones,06/03/2023,104.33,780 kg,88.9 kg
Aubrey Hogan,09/11/2021,104.31,707.5 kg,73.4 kg
Dwight Burns,03/18/2023,104.28,782.5 kg,89.6 kg
Michael Davis,03/03/2018,104.19,842.5 kg,104.6 kg
Kevin Paul,02/11/2023,104.15,817.5 kg,98.3 kg
Seth Dasuki,03/26/2022,104.15,745.5 kg,81.5 kg
Preston Turner,03/04/2017,104.11,892.5 kg,119 kg
Kyle Petersen,03/26/2022,104.10,712.5 kg,74.7 kg
Kaleb Miller,04/29/2023,104.10,822.5 kg,99.6 kg
Chad Schroeder,10/16/2019,104.06,822.5 kg,99.7 kg
Marvin Spady,02/25/2023,104.05,817.5 kg,98.5 kg
Carter Hoffman,04/13/2023,103.96,742.5 kg,81.2 kg
Luke Mccain,03/19/2023,103.94,670 kg,66.6 kg
Jason Bongard,12/11/2021,103.92,792.5 kg,92.6 kg
Cody Jaeger,10/15/2022,103.92,747.5 kg,82.3 kg
Antonino Fazio,10/29/2022,103.92,747.5 kg,82.3 kg
Kyle Dawson,03/30/2022,103.90,745 kg,81.8 kg
Scott Thurlow,01/22/2022,103.89,747.5 kg,82.4 kg
Joshua Hall,04/13/2023,103.88,775 kg,88.5 kg
Thomas Elgort,12/14/2019,103.87,707.5 kg,74 kg
Tristan Nazelrod,03/07/2020,103.87,892.5 kg,119.7 kg
Juan Rios,02/26/2022,103.87,710 kg,74.5 kg
Ben Lujan,04/13/2023,103.86,777.5 kg,89.1 kg
Yung Huang,06/26/2021,103.85,747.5 kg,82.4 kg
Stephen Cascioli,03/04/2017,103.85,660.5 kg,64.9 kg
Austin Schrader,05/05/2018,103.84,787.5 kg,91.5 kg
Thang Ngo,02/12/2022,103.77,775 kg,88.7 kg
Terron Beckham,05/13/2023,103.76,852.5 kg,108.3 kg
Douglas Bowen,07/30/2022,103.72,775 kg,88.8 kg
Deon Casey,03/18/2023,103.61,800 kg,95 kg
Angelo Agustin,05/07/2023,103.58,855 kg,109.4 kg
LEWIS BRYCE,07/25/2015,103.52,810 kg,97.6 kg
Adam Steede,08/17/2019,103.52,745 kg,82.4 kg
Morgan Chan,06/03/2023,103.48,745 kg,82.5 kg
Casmir Hughes,11/19/2022,103.46,737.5 kg,80.9 kg
Cole Waggoner,03/11/2023,103.43,775 kg,89.3 kg
Edward Meixner,03/25/2023,103.42,800 kg,95.3 kg
Bomnorng Tek,05/04/2019,103.38,745 kg,82.6 kg
Dexter Jones,10/13/2016,103.32,735 kg,80.5 kg
Chance Brady,01/21/2023,103.29,742.5 kg,82.2 kg
Marcus Pierre,08/08/2020,103.25,745 kg,82.8 kg
Peter Pires,06/08/2022,103.23,765 kg,87.3 kg
Elliott Sykes,11/05/2022,103.21,687.5 kg,70.9 kg
Sean Stangl,05/25/2019,103.19,782.5 kg,91.5 kg
Cory Jenkins,03/16/2019,103.18,822.5 kg,101.5 kg
Zebulon Moore,06/03/2023,103.15,895 kg,122.4 kg
James Vang,12/13/2020,103.14,765 kg,65.4 kg
Joseph Adams,06/08/2022,103.14,775 kg,89.8 kg
Brandon Maddox,03/03/2017,103.13,692.5 kg,72 kg
Anthony McNaughton,07/10/2021,103.12,830 kg,103.6 kg
Tyler Wilson,04/13/2023,103.12,852 kg,109.6 kg
Grayson Beasley,04/08/2021,103.08,822.5 kg,101.7 kg
Derek Akunne,06/30/2018,103.06,832.5 kg,104.4 kg
Anthony Conyers,07/09/2017,103.06,700 kg,73.6 kg
Bryan Harwell,04/13/2023,103.06,775 kg,89.9 kg
Ray Thomas,04/22/2023,103.04,812.5 kg,99.2 kg
Deâ€™Metre Forney,04/24/2021,103.02,785 kg,92.4 kg
Brendan Todd,04/08/2021,103.01,820 kg,101.2 kg
Quintin Meyer,05/10/2019,103.01,1063.5 kg,119.3 kg
Omar Marquez,12/17/2022,102.98,917.5 kg,130.3 kg
Joseph Bierly,04/22/2023,102.98,700 kg,73.7 kg
Lawrence Abner,03/02/2019,102.98,695 kg,72.7 kg
T. Justin Cooper,03/19/2023,102.96,815 kg,100 kg
Louis Arnold,02/03/2018,102.94,777.5 kg,90.8 kg
Nathan Alexander,12/05/2020,102.90,890 kg,121.5 kg
Tadriaun Logan,12/12/2020,102.86,777.5 kg,90.9 kg
Ethan Del Toro,02/16/2019,102.86,777.5 kg,90.9 kg
Dylan Campbell,11/05/2022,102.85,840 kg,106.9 kg
Joseph Cappellino,03/02/2019,102.76,1170 kg,164.1 kg
Zachary Sprenkle,03/02/2019,102.73,870 kg,115.8 kg
Matt Cronin,10/16/2019,102.71,740 kg,82.6 kg
Danny Stachelek,10/02/2021,102.69,765 kg,88.3 kg
Yangsu Ren,10/10/2017,102.69,737.5 kg,82 kg
Scott Sullivan,10/11/2018,102.69,697.5 kg,73.6 kg
Evan Orlandi,03/26/2022,102.65,800 kg,96.8 kg
Christopher Roberts,06/03/2023,102.65,762.5 kg,87.8 kg
Zachary Ryan,10/22/2022,102.64,660 kg,66.3 kg
Matthew Mora,09/24/2022,102.62,700 kg,74.2 kg
Josenico Blanco,02/25/2023,102.62,762.5 kg,87.8 kg
Jackie Vong,04/13/2023,102.62,697.5 kg,73.7 kg
Aidan Roeder,10/10/2020,102.60,740.5 kg,82.9 kg
Marcellus Williams,06/03/2023,102.59,700 kg,74.3 kg
Tevin Jones,02/26/2022,102.58,842.5 kg,108.2 kg
Rob Escalante,07/23/2022,102.56,735 kg,81.7 kg
Logan Goo,11/20/2022,102.55,700 kg,74.3 kg
Matthew Arremony,10/11/2018,102.54,652.5 kg,65 kg
Carter Welch,04/13/2023,102.53,842.5 kg,108.3 kg
Tyler Petrow,02/11/2023,102.53,732.5 kg,81.2 kg
Richard Andre,05/20/2023,102.50,905 kg,127.5 kg
Steven Coburn,10/15/2022,102.50,735 kg,81.8 kg
Aliki Hui,05/27/2023,102.50,692.5 kg,72.9 kg
Jeffrey Leung,04/29/2023,102.49,702.5 kg,74.9 kg
Dalvin Sharpe,06/17/2023,102.47,757.5 kg,86.9 kg
Mikay Ye,06/08/2022,102.46,662.5 kg,67 kg
Jhonson Solano,03/06/2022,102.46,735 kg,81.9 kg
Vincent Victorero,05/13/2023,102.45,770 kg,89.9 kg
Wesley Cheng,02/12/2022,102.44,765 kg,88.7 kg
Quentin Nunez,06/08/2022,102.44,805 kg,98.5 kg
JAISYN Mike,01/14/2018,102.42,935 kg,138.3 kg
Braxton Davis,06/25/2022,102.40,750 kg,85.3 kg
Ragan Henderson,01/07/2023,102.40,872.5 kg,117.4 kg
Kylle Edwards,03/21/2021,102.39,802.5 kg,97.9 kg
Benjamin Rice,10/13/2016,102.37,782.5 kg,93 kg
Joshua Villa,12/05/2020,102.36,737.5 kg,82.6 kg
Chris Yip,03/12/2023,102.27,700 kg,74.7 kg
Kyle Miller,08/24/2019,102.20,775 kg,91.5 kg
Kevin Garrette,03/26/2022,102.16,690 kg,72.8 kg
Nicholas Lombardi,10/15/2022,102.15,765 kg,89.2 kg
Dedreck Rucker,06/14/2021,102.14,822.5 kg,103.7 kg
Sayo Oyenuga,05/20/2023,102.12,787.5 kg,94.7 kg
Abraham Ramirez,02/27/2021,102.03,722.5 kg,79.8 kg
Rj Hizon,03/03/2018,102.03,695 kg,74 kg
Michael Black,03/03/2018,102.00,692.5 kg,73.5 kg
Johnathan Santana,12/16/2017,101.99,730 kg,81.5 kg
Ryan J Stills,10/11/2018,101.98,872.5 kg,118.5 kg
Edwin McQuiston,09/24/2022,101.92,820 kg,103.5 kg
Matthias Cash,05/06/2023,101.90,697.5 kg,74.7 kg
Nick Weite,11/11/2017,101.89,915 kg,132.8 kg
Noah Forman,02/11/2023,101.87,690 kg,73.2 kg
Adrian Kim,12/10/2022,101.80,690 kg,73.3 kg
Jacob Lynch,01/18/2020,101.79,685 kg,72.3 kg
Josue Paredes,06/03/2023,101.77,692.5 kg,73.9 kg
Layne Norton,11/16/2014,101.76,770 kg,91.1 kg
William Waller,05/29/2022,101.75,750 kg,86.4 kg
Weiss ,12/06/2014,101.75,810 kg,101.2 kg
Matthew Weisberg,02/02/2019,101.75,773.5 kg,92 kg
Michael Astrologo,06/08/2022,101.73,926 kg,137.3 kg
Vince Bualoy,08/13/2022,101.72,840 kg,109.5 kg
Alex Lau,06/08/2022,101.72,730 kg,81.9 kg
Vincent Wilson,12/12/2020,101.69,820 kg,104 kg
Jure Rus,03/03/2018,101.67,730 kg,82 kg
Connor Jupin,05/20/2023,101.65,762.5 kg,89.5 kg
Jeremy Johnson,11/19/2022,101.65,800 kg,98.8 kg
Sean Sullivan,05/13/2023,101.64,700 kg,75.6 kg
Tyler Drahem,09/24/2022,101.62,797.5 kg,98.2 kg
Gary House,11/21/2020,101.61,857.5 kg,114.9 kg
Danny Sullivan,04/01/2017,101.60,775 kg,92.6 kg
Javarryon Fort,01/14/2023,101.58,727.5 kg,81.6 kg
William Lai,01/21/2023,101.58,687.5 kg,73.1 kg
John Downing,06/03/2017,101.58,727.5 kg,81.6 kg
Brandon Payne,04/12/2019,101.57,817.5 kg,103.6 kg
Allen ,12/06/2014,101.57,790 kg,96.4 kg
Michael Ayles,10/15/2022,101.55,797.5 kg,98.4 kg
Seyoon Rhee,08/13/2016,101.55,730 kg,82.2 kg
Jeff Docena,06/11/2023,101.54,760 kg,89.1 kg
Connor Sult,06/03/2023,101.54,780 kg,94 kg
Nehemiah Owusu,06/14/2021,101.53,732.5 kg,82.8 kg
Andrew Jones,10/11/2018,101.50,800 kg,99.1 kg
Cole Warren,10/16/2019,101.49,815 kg,103.1 kg
Ronnie Cormier,09/25/2022,101.49,730 kg,82.3 kg
Alejandro Wickham,04/22/2023,101.45,907.5 kg,131.6 kg
Terel Monroe,02/05/2023,101.44,645 kg,64.9 kg
zachary harris,05/13/2023,101.44,837.5 kg,109.5 kg
Noah Urbanski,11/05/2022,101.43,757.5 kg,88.7 kg
Nick Tylutki,03/04/2017,101.40,820 kg,104.7 kg
Alex Tertitski,07/19/2013,101.40,732.5 kg,83 kg
Brenan Lasala,05/13/2023,101.37,832.5 kg,108.2 kg
Adam Norris,12/13/2014,101.34,725.7 kg,81.6 kg
Alexander Olarte,04/08/2021,101.33,772.5 kg,92.5 kg
Cody Carpentier,11/21/2020,101.30,865 kg,118 kg
Tony Nguyen,09/24/2022,101.30,690 kg,74 kg
Ross Leppala,03/01/2019,101.29,730 kg,82.6 kg
Jhamal Williams,12/03/2022,101.28,800 kg,99.6 kg
Noah Johnson,06/14/2021,101.27,923 kg,91 kg
Owen Tomaszewski,12/12/2015,101.26,795 kg,98.3 kg
Dustin Limerick,03/23/2022,101.26,831 kg,108 kg
Hung Phan,12/03/2022,101.21,830 kg,107.9 kg
Andrew Richard,12/12/2020,101.20,727.5 kg,82.2 kg
David Waters,11/05/2022,101.17,747.5 kg,86.8 kg
Kenneth Campbell,11/06/2021,101.17,727.5 kg,82.3 kg
Romar Paul Harayo,04/08/2021,101.16,817.5 kg,104.5 kg
Scott Dobbins,06/14/2021,101.16,1044 kg,119.2 kg
Payton Ireland,06/01/2019,101.12,747.5 kg,86.9 kg
Donavin Spears,03/23/2022,101.09,727.5 kg,82.4 kg
Hunter Reaux,10/15/2022,101.09,757.5 kg,89.3 kg
Bryce Martin,11/19/2022,101.08,777.5 kg,94.2 kg
Jeffrey Thompson,11/13/2021,101.04,687.5 kg,73.9 kg
Jason Cambra,03/26/2022,101.04,750 kg,87.6 kg
James Peavey,02/26/2022,101.01,727.5 kg,82.5 kg
Cody Giampa,01/18/2020,100.99,1045 kg,120 kg
Christopher Greene,06/08/2022,100.93,795 kg,99 kg
William Dunn,03/25/2023,100.93,687.5 kg,74 kg
Arthur French,04/08/2021,100.93,817.5 kg,105 kg
Shane Harrington,06/12/2021,100.91,722.5 kg,81.6 kg
Benjamin Winder,05/28/2023,100.88,722.5 kg,81.6 kg
Austin Baraki,10/11/2018,100.87,762.5 kg,90.9 kg
Lam Viet Khanh Tran Ho,10/16/2019,100.86,755 kg,89.1 kg
Dawson Windham,08/06/2019,100.85,800 kg,100.5 kg
Stuart Feng,06/03/2023,100.85,725 kg,82.2 kg
Patrick Klaus,10/15/2022,100.84,757.5 kg,89.8 kg
Darryl Webster,02/19/2022,100.82,755 kg,89.2 kg
Tonggyu Kim,10/08/2022,100.81,690 kg,74.7 kg
Ricardo Gracias,10/19/2019,100.79,770 kg,92.9 kg
Evan Ross,04/13/2023,100.76,750 kg,88.1 kg
Joey Correia,06/08/2022,100.76,645 kg,65.7 kg
Bradley Robinson,04/15/2023,100.74,750 kg,88.2 kg
Sawyer Klatt,03/30/2022,100.74,792.5 kg,98.7 kg
Chad Odsey,09/10/2022,100.74,690 kg,74.8 kg
Corey Dennis,05/20/2023,100.72,792.5 kg,98.8 kg
Nathan Tansey,04/13/2023,100.72,687.5 kg,74.3 kg
Brian Brickey,10/22/2022,100.71,817.5 kg,105.5 kg
Jonathan Peebles,03/21/2015,100.71,727.5 kg,83 kg
Collin Whitney,03/01/2019,100.71,810 kg,103.4 kg
Peter Cherry,11/05/2022,100.71,802.5 kg,101.4 kg
Carlos lucio,08/20/2022,100.70,737.5 kg,85.3 kg
Luke Deuser,04/23/2023,100.70,775 kg,94.3 kg
Jorge Rosado,07/15/2018,100.70,757.5 kg,90 kg
Jonathan White,04/14/2018,100.69,875 kg,122.9 kg
Michael Escano,12/05/2020,100.67,675 kg,71.8 kg
William Raymond LeBlanc,07/11/2015,100.66,813.5 kg,104.5 kg
James Miller,07/21/2018,100.64,685 kg,73.9 kg
Zanoah Arnold,04/08/2021,100.63,722.5 kg,82 kg
Ragheb Abu-rubieh,04/13/2023,100.63,722.5 kg,82 kg
Zachary Mcgillis,03/26/2022,100.60,677.5 kg,72.4 kg
Bryan Rodriguez Gomez,02/26/2022,100.58,687.5 kg,74.5 kg
Caleb Calaway,08/13/2022,100.57,722.5 kg,82.1 kg
Michael Crehan,03/30/2023,100.56,720 kg,81.6 kg
Sam Bernstein,07/23/2016,100.54,752.5 kg,89.1 kg
Christopher Austin,05/21/2022,100.50,792.5 kg,99.2 kg
Charlie Conner,07/24/2017,100.48,975 kg,103.2 kg
Lamarvin Hunley,01/19/2019,100.48,755 kg,89.8 kg
Alexis Maher,06/14/2021,100.45,808.5 kg,73.7 kg
Aitor Lapena-Gutierrez,03/04/2022,100.45,820 kg,106.8 kg
Tanner Underberg,01/21/2023,100.40,715 kg,80.7 kg
Connor Heim,03/30/2022,100.39,722.5 kg,82.4 kg
Philip Truong,03/30/2022,100.38,720 kg,81.8 kg
Jacob Hernandez,06/03/2023,100.37,647.5 kg,66.7 kg
Andrew Ha,06/08/2022,100.37,682.5 kg,73.8 kg
kevin cando,06/08/2022,100.36,682.5 kg,73.8 kg
John Vasquez,10/16/2021,100.34,860 kg,119 kg
shane connell,04/22/2023,100.34,752.5 kg,89.5 kg
Justin Ellis,06/08/2022,100.32,685 kg,74.4 kg
Matthew Octaviano,06/03/2023,100.31,800 kg,101.6 kg
Jesse Burttschell,05/10/2019,100.31,1035 kg,119.1 kg
Jared Naquin,06/08/2022,100.31,862.5 kg,82 kg
Devraj Roy,06/08/2022,100.29,747.5 kg,88.3 kg
Tyler Marcel,10/16/2019,100.28,642.5 kg,65.9 kg
Thomas Anderson,06/04/2022,100.26,750 kg,89 kg
Matthew Conner,12/14/2019,100.25,680 kg,73.4 kg
Jared Martin,07/19/2013,100.24,855 kg,117.7 kg
Drew Thompson,03/02/2019,100.24,720 kg,82.1 kg
Carlos Santoliquido,10/16/2021,100.23,810 kg,104.5 kg
Terry Ahlander,11/06/2021,100.23,762.5 kg,92.1 kg
Josh Garrison,04/30/2016,100.20,920 kg,140.3 kg
Ronny Hiraldo,06/25/2022,100.19,720 kg,82.1 kg
Shane Moat,06/03/2017,100.19,805 kg,103.2 kg
Shane Brady,06/14/2021,100.18,922.5 kg,92.8 kg
Jordon Spence,04/13/2023,100.17,825 kg,108.9 kg
Joe Morrow,03/19/2016,100.14,622.5 kg,62.2 kg
Jacob Waltzer,04/13/2023,100.12,685 kg,74.6 kg
C.J. Iliff,02/09/2019,100.12,857.5 kg,118.8 kg
Damarrio Holloway,12/12/2015,100.12,747.5 kg,66 kg
Nicolas Philippi,02/18/2023,100.12,825 kg,109 kg
Fabion Moffett,11/05/2022,100.08,827.5 kg,109.8 kg
Vashon Perryman,08/03/2012,100.08,685 kg,74.7 kg
Nicholas Esposito,03/16/2019,100.07,710 kg,80.1 kg
Coy Jorden,01/20/2019,100.07,722.5 kg,82.9 kg
William Hemmen,04/29/2023,100.07,825 kg,109.1 kg
Michael Condo,04/01/2017,100.06,717.5 kg,81.8 kg
Liam Newell,03/26/2022,100.06,745 kg,88.2 kg
Raymond Cruz,10/26/2019,100.06,717.5 kg,81.8 kg
Jordan Beverly,05/21/2022,100.03,780 kg,96.9 kg
Henry Amadi,05/27/2023,100.01,747.5 kg,88.9 kg
Vernon Williams,05/05/2018,100.01,722.5 kg,83 kg
Christian Petrilli,04/08/2021,100.01,722.5 kg,83 kg
Matthew Hence,07/27/2019,100.00,760 kg,91.9 kg
Michael Lear,12/12/2020,100.00,760 kg,91.9 kg
Thomas Redd,01/29/2022,100.00,770 kg,94.4 kg
Timothy Thebodeau,07/09/2021,99.99,717.5 kg,81.9 kg
Richard Panganiban,03/10/2018,99.99,682.5 kg,74.3 kg
Sion Farley-Thompson,04/13/2023,99.95,715 kg,81.4 kg
Winson Tom,04/08/2021,99.95,760 kg,92 kg
Cole Garcia,04/13/2023,99.91,785 kg,98.5 kg
Robert Kelly,03/06/2021,99.89,715 kg,81.5 kg
Zachary Broderick,05/23/2021,99.88,720 kg,82.7 kg
Lucas Young,03/18/2023,99.87,685 kg,75 kg
Isaac Whistler,06/14/2021,99.86,857.5 kg,119.5 kg
Nathan Barna,04/02/2022,99.84,745 kg,88.6 kg
Dominic Melvin,04/16/2022,99.84,915 kg,139.7 kg
Matt Foddrill,02/05/2023,99.83,680 kg,74 kg
Hagen Henderson,04/09/2022,99.82,907.5 kg,136.9 kg
Joseph Franzo,03/07/2020,99.80,852.5 kg,118.1 kg
William Burrell,02/03/2018,99.80,907.5 kg,137 kg
Marlin Outley,04/17/2021,99.80,850 kg,117.3 kg
Samuel Bernstein,08/24/2019,99.79,775 kg,96.1 kg
Romy Jay Gallanosa,06/03/2023,99.79,645 kg,67 kg
Kevin Mays,10/10/2017,99.77,805 kg,104.2 kg
DeAndre Price,04/22/2023,99.76,850 kg,117.4 kg
Morrow ,12/06/2014,99.75,717.5 kg,82.3 kg
Kole Metts,04/12/2019,99.74,602.5 kg,59 kg
Joseph Rodriguez,06/08/2022,99.74,667.5 kg,71.5 kg
Jonathan Bradfield,06/17/2018,99.73,857.5 kg,82 kg
Anthony Parrella,07/27/2019,99.73,757.5 kg,91.8 kg
Jordan Berke,06/13/2015,99.72,716 kg,82 kg
Huy Hathuc,04/13/2023,99.72,640.5 kg,66.2 kg
Tyler Stanio,06/10/2023,99.71,682.5 kg,74.7 kg
Hamza Anwar,04/19/2018,99.71,671 kg,72.3 kg
Alec Buob,01/21/2023,99.71,750 kg,90 kg
Ricky Estes,05/20/2023,99.70,807.5 kg,105 kg
Jorge Diaz,10/09/2022,99.68,747.5 kg,89.5 kg
Marc Forn,02/25/2023,99.65,740 kg,87.7 kg
Walker Bradshaw,03/04/2017,99.65,805 kg,104.4 kg
Evan Dunne,05/29/2022,99.65,715 kg,81.9 kg
KC Bell,04/13/2023,99.63,712.5 kg,81.4 kg
Devin Tran,12/18/2022,99.62,782.5 kg,98.4 kg
Nick Longo,07/10/2021,99.61,802.5 kg,103.8 kg
Nick VanNoord,05/06/2023,99.61,672.5 kg,72.8 kg
Mark Beltran,06/08/2022,99.60,642.5 kg,66.7 kg
Braydon Ward,04/24/2021,99.59,672.5 kg,72.8 kg
Brandon Ragoonath,10/27/2018,99.59,910 kg,91.4 kg
David Lupac,03/03/2018,99.58,1100 kg,145.9 kg
Seth Ruff,12/03/2022,99.55,837.5 kg,114.1 kg
Joel Garza,04/08/2021,99.54,712.5 kg,81.5 kg
Brandon Smith,02/10/2019,99.53,760 kg,92.8 kg
Jayden Edwards,04/29/2023,99.52,817.5 kg,108.3 kg
Guillermo Rodriguez,05/15/2021,99.52,675 kg,73.4 kg
Alan Shoykhet,11/13/2021,99.51,820 kg,109 kg
Ronald Medrano,10/16/2019,99.50,717.5 kg,82.7 kg
Eleuterio Montalvo,03/30/2023,99.50,868.5 kg,124.1 kg
Brendan Parr,03/25/2023,99.47,710 kg,81.1 kg
Kaiman Chau,02/25/2023,99.46,702.5 kg,79.4 kg
Camden Clayton,06/26/2015,99.46,757.5 kg,92.3 kg
Ryan Sanders,08/28/2021,99.46,757.5 kg,92.3 kg
Anthony Pinedo-Morales,05/13/2023,99.46,715 kg,82.2 kg
Brian Marmolejo,02/26/2022,99.45,675 kg,73.5 kg
Elijah Williams,03/26/2022,99.43,677.5 kg,74.1 kg
Albert Willingham,08/10/2019,99.41,825 kg,110.7 kg
Chris A Jones,07/11/2015,99.40,860 kg,121.6 kg
Oonagh Aatnite,02/25/2023,99.39,737.5 kg,87.6 kg
Eddy Tamayo Garcia,12/12/2021,99.39,772.5 kg,96.3 kg
Daniel Fuentes,02/04/2023,99.37,740 kg,88.2 kg
David Weisman,04/22/2023,99.37,715 kg,82.4 kg
Stiven Sandoval Esparza,08/27/2022,99.36,712.5 kg,81.8 kg
Alexander Rodriguez,10/10/2017,99.36,712.5 kg,81.8 kg
Logan Fink,04/07/2018,99.36,712.5 kg,81.8 kg
Dalton McIntire,12/07/2019,99.35,747.5 kg,90 kg
Matthew Hunter,11/06/2021,99.32,857.5 kg,121 kg
Jordan Dunn,01/01/2013,99.32,800 kg,73.8 kg
Kristopher Hunt,10/24/2020,99.31,757.5 kg,92.6 kg
Sean Ambrocio,10/16/2019,99.31,635 kg,65.6 kg
Curtis Allen,12/09/2016,99.30,750 kg,90.8 kg
Keyon Williams,05/28/2023,99.28,715 kg,82.5 kg
Nathan McPeters,03/18/2023,99.26,785 kg,99.8 kg
James Cole,07/17/2021,99.26,800 kg,103.9 kg
Zaw Thiha,10/15/2022,99.25,642.5 kg,67.2 kg
Eric Jelen,05/06/2023,99.23,710 kg,81.5 kg
David Woo,10/11/2018,99.21,802.5 kg,104.7 kg
Scott Schwartz,12/15/2018,99.20,757.5 kg,92.8 kg
John Rivas,04/05/2014,99.19,812.5 kg,107.6 kg
Alexandre Ouelllet,11/18/2017,99.18,762.5 kg,94.1 kg
Dalton Richardson,11/15/2020,99.18,785 kg,100 kg
Leslie Kiang,06/08/2019,99.17,802.5 kg,104.8 kg
Alexander McQuillen,10/11/2018,99.17,675 kg,73.9 kg
Tommy Hawks,03/03/2018,99.15,937.5 kg,151.4 kg
Liam Belcher,12/03/2022,99.15,745 kg,89.8 kg
Xuchill Laput,04/02/2022,99.13,670 kg,72.9 kg
Nabil Lahlou,04/03/2022,99.12,667.5 kg,72.4 kg
Thomas Magarelli,09/25/2022,99.10,745 kg,89.9 kg
Michael DeRouen,06/09/2018,99.10,675 kg,74 kg
Joshua Espinosa,05/20/2023,99.09,782.5 kg,99.5 kg
Ryan Schroer,06/17/2023,99.07,665 kg,72 kg
Travis Napier,03/18/2023,99.06,807.5 kg,106.5 kg
Gabe Cuadra,04/13/2023,99.06,740 kg,88.8 kg
Ceyer Wakilpoor,10/11/2018,99.04,715 kg,82.9 kg
Stratford Washington,08/10/2019,99.04,797.5 kg,103.7 kg
Joshua Peardot,10/10/2017,99.04,795 kg,103 kg
Nicholas Guarino,01/07/2023,99.01,710 kg,81.8 kg
Ricky Ortiz,04/29/2023,98.98,640 kg,67 kg
Brenn McKee,03/18/2023,98.98,742.5 kg,89.5 kg
Andre Sigure,03/26/2016,98.96,817.5 kg,109.6 kg
John Brookins,03/12/2016,98.95,723.5 kg,85 kg
Ryan Doris,03/05/2016,98.95,750 kg,91.4 kg
Colton Slaughter,12/05/2020,98.94,755 kg,92.7 kg
Russell Orhii,02/20/2016,98.93,712.5 kg,82.5 kg
Colin Ripley,10/10/2017,98.92,797.5 kg,104 kg
MyeongJe Lee,04/29/2023,98.92,730 kg,86.6 kg
Adrian Knox,03/04/2017,98.92,672.5 kg,73.7 kg
Neitik Patel,01/29/2022,98.92,740 kg,89 kg
Chase Ishmael,07/16/2022,98.90,775 kg,97.9 kg
BRENDAN GREENE,07/16/2016,98.90,750 kg,91.5 kg
James Hoffman,05/20/2023,98.89,900 kg,137.3 kg
Joel Patera,11/12/2022,98.89,730 kg,86.7 kg
Jeremy Orme,04/13/2023,98.88,817.5 kg,109.8 kg
Etringer ,12/06/2014,98.87,672.5 kg,73.8 kg
Chul Ki Kim,06/03/2023,98.87,705 kg,80.9 kg
Kevin Woods,11/02/2019,98.85,750 kg,91.6 kg
Isaiah Grice,05/04/2019,98.81,847.5 kg,119.2 kg
Trevor Thomas Jr,03/07/2020,98.80,955 kg,160.8 kg
Garrett Lockwood,04/13/2023,98.78,667.5 kg,72.9 kg
Jaider Espinoza,03/22/2020,98.78,855 kg,82.9 kg
Max Runkle,11/19/2022,98.78,740 kg,89.3 kg
Ej Thomas,12/12/2020,98.78,747.5 kg,91.1 kg
Louis Kumbalek,01/19/2019,98.76,702.5 kg,80.5 kg
Sebastian Ehmann,04/16/2022,98.74,815 kg,109.4 kg
Michael West,10/15/2022,98.72,745 kg,90.6 kg
Matthew Swanson,06/08/2022,98.72,740 kg,89.4 kg
hugo mendoza,06/03/2023,98.71,810 kg,108 kg
William Ivey,10/30/2021,98.70,710 kg,82.3 kg
Trevor Woodman,03/06/2022,98.70,707.5 kg,81.7 kg
Blayne Kildahl,05/27/2023,98.70,737.5 kg,88.8 kg
Lucas Sison,12/10/2022,98.69,672.5 kg,74.1 kg
Joseph Butterfield,10/29/2022,98.69,707.5 kg,81.8 kg
Ryder Reed,05/27/2023,98.69,732.5 kg,87.6 kg
Dorian Parris,11/18/2017,98.68,675 kg,74.6 kg
Thien Chu,10/30/2021,98.68,632.5 kg,65.9 kg
David Watson,08/05/2017,98.67,782.5 kg,100.4 kg
Deunte Levine,04/12/2019,98.66,790 kg,102.5 kg
Nick Spitaliere,07/18/2020,98.66,707.5 kg,81.8 kg
Nicholas Tadrick,07/09/2021,98.65,752.5 kg,92.6 kg
Matt Baller,12/06/2014,98.63,902.5 kg,139.1 kg
Kareem Browne,03/03/2018,98.62,667.5 kg,73.1 kg
Jason Coonan,06/08/2022,98.62,772.5 kg,97.8 kg
Tracy Moody,03/03/2019,98.62,745 kg,90.8 kg
Tracy Curry,07/21/2018,98.60,790 kg,102.6 kg
Constantine Vasilopoulos,04/13/2023,98.60,702.5 kg,80.8 kg
Besim Muminovic,01/07/2023,98.59,737.5 kg,89 kg
Sebastian Baytan,06/11/2023,98.59,737.5 kg,89 kg
Quentin White,05/20/2023,98.58,772.5 kg,97.9 kg
SU HAN LEE,04/29/2023,98.57,795 kg,104.1 kg
Andre Earle,10/16/2019,98.56,795 kg,104.1 kg
Evan Hawk,04/13/2023,98.56,675.5 kg,74.9 kg
Blake Wright,08/01/2020,98.55,790 kg,102.7 kg
Joseph Jordan,06/22/2019,98.55,667.5 kg,73.2 kg
LS McLain,08/03/2012,98.55,738 kg,89.2 kg
Quinton Briggs,04/13/2023,98.53,775 kg,98.7 kg
Donald Bigham,10/13/2016,98.52,707.5 kg,82 kg
Nathaniel Hancock,04/29/2023,98.52,775 kg,98.7 kg
Brock Wetzlich,04/13/2023,98.50,812.5 kg,109.2 kg
McLain III LS,11/06/2013,98.49,747.5 kg,91.7 kg
Alex Hall,10/16/2022,98.48,700 kg,80.4 kg
Lawrence Jones,04/13/2023,98.47,765 kg,96.2 kg
Edward Tadman,11/20/2021,98.47,670 kg,73.9 kg
Tianyu Xiao,03/04/2023,98.47,700 kg,80.4 kg
Gaoussou Coulibaly,04/15/2023,98.47,735 kg,88.6 kg
Darius Kellar,04/16/2016,98.46,792.5 kg,103.6 kg
Brian Los Kamp,03/02/2019,98.44,792.5 kg,103.7 kg
Koda Gibson,03/18/2023,98.43,770 kg,97.6 kg
Samuel Friedrich,05/27/2023,98.42,735 kg,88.7 kg
Keigan Dunn,07/28/2018,98.41,727.5 kg,86.9 kg
Cody Hartman,04/29/2023,98.41,675 kg,75 kg
Stephen Peszynski,05/06/2017,98.40,710 kg,82.8 kg
Zach Taylor,03/30/2022,98.40,637.5 kg,67.3 kg
Kyle Chu,12/10/2022,98.39,772.5 kg,98.3 kg
Jesse Kurisko,12/04/2021,98.39,742.5 kg,90.6 kg
Ryan North,03/18/2023,98.38,777.5 kg,99.7 kg
Samuel Jansen,10/11/2018,98.37,750 kg,92.5 kg
Ray Forrester,12/17/2016,98.37,795 kg,104.5 kg
Clifton Pho,03/03/2018,98.36,635 kg,66.8 kg
Alex Schliesmann,01/25/2020,98.36,755 kg,93.8 kg
Ben Miller,06/17/2017,98.32,665 kg,73 kg
Sawyer Yandell,08/07/2021,98.32,665 kg,73 kg
Lenard Jones,10/13/2016,98.28,622.5 kg,64.4 kg
Dakota Snyder,11/05/2022,98.27,812.5 kg,109.8 kg
Jackson Jaeger,12/03/2022,98.25,705 kg,81.9 kg
Michael Loncharich,03/01/2013,98.25,705 kg,81.9 kg
Joshua Brame,02/25/2023,98.25,732.5 kg,88.4 kg
Richard Yun,11/18/2018,98.24,707.5 kg,82.5 kg
Samuel Tomlin,01/19/2019,98.24,707.5 kg,82.5 kg
Stefan Kraus,06/17/2023,98.24,695 kg,79.7 kg
Gregory Wunrow,04/08/2023,98.22,770 kg,98 kg
Santiago Ramirez,11/05/2022,98.22,740 kg,90.3 kg
Isaac Salas,12/14/2019,98.22,750 kg,92.8 kg
Juneau Catalano,04/22/2023,98.18,737.5 kg,89.8 kg
Nam Do,12/08/2017,98.18,665 kg,73.2 kg
Greg Hairston,01/14/2023,98.18,770 kg,98.1 kg
Steve Mann,08/15/2016,98.17,1015.5 kg,119.9 kg
Kevin Nguyen,03/03/2018,98.17,667.5 kg,73.7 kg
Andrew Hamel,11/05/2022,98.17,770 kg,98.1 kg
Mathew Tinson,08/13/2022,98.16,705 kg,82.1 kg
Lance London,04/22/2023,98.15,772.5 kg,98.8 kg
Anthony Stavenski,03/23/2013,98.15,792.5 kg,104.3 kg
Collin Dunnam,05/12/2018,98.14,735 kg,89.2 kg
Donovan Bennett,01/07/2023,98.14,850 kg,121.9 kg
Eric Johnson,11/14/2015,98.13,727.5 kg,87.4 kg
Jesse Rodriguez,03/06/2021,98.13,627.5 kg,65.6 kg
Samuel Kinard,02/25/2023,98.13,730 kg,88 kg
Alex Sydor,04/08/2021,98.12,707.5 kg,82.7 kg
Tim Hansen,05/06/2023,98.11,775 kg,99.6 kg
Tyler Dutremble,06/02/2019,98.09,697.5 kg,80.5 kg
Jeffrey Gonzalez,03/26/2022,98.09,732.5 kg,88.7 kg
Brock Hertrampf,10/16/2019,98.08,892.5 kg,137.2 kg
Dalton Lacoe,06/06/2018,98.06,559 kg,52.9 kg
Derek LoGrande,06/08/2022,98.05,667.5 kg,73.9 kg
McVay Stockwell,03/26/2022,98.05,670 kg,74.5 kg
Hamza Ahmed,12/10/2022,98.05,775 kg,99.7 kg
Michael Bress,03/19/2022,98.04,737.5 kg,90 kg
Kadrin Cabrera,12/03/2022,98.04,735 kg,89.4 kg
Eriek Nickson,06/22/2012,98.02,787.5 kg,73.5 kg
E.J. Thomas,04/09/2022,98.01,735 kg,89.4 kg
Daevon Mcfarlane,10/16/2019,98.00,907.5 kg,143.4 kg
Noel Trevino,10/11/2018,98.00,707.5 kg,82.9 kg
Antonio Tran,10/22/2022,98.00,800 kg,106.8 kg
Quan Myers,02/25/2023,97.98,735 kg,89.5 kg
Shane Sepac,07/28/2018,97.98,792.5 kg,104.7 kg
Jean-Louis Nguyen,10/30/2021,97.98,700 kg,81.2 kg
Zain Ahmed,10/22/2022,97.97,665 kg,73.5 kg
Daniel Remulla,03/04/2017,97.96,627.5 kg,65.8 kg
Jamie McDougal,01/14/2012,97.94,725.7 kg,87.3 kg
Kim Wanho,12/17/2022,97.93,732.5 kg,89 kg
Ethan Stone,04/13/2023,97.93,732.5 kg,89 kg
Abriel Poston,05/18/2019,97.93,702.5 kg,81.9 kg
Zack Berezay,02/25/2023,97.90,775 kg,100 kg
Michael Simonetti,04/02/2022,97.87,800 kg,107.1 kg
Matthew Cronin,11/06/2021,97.86,872.5 kg,130.5 kg
Timothy DeHaas,10/16/2019,97.84,665 kg,73.7 kg
Evan Glasgold,10/16/2019,97.83,625 kg,65.5 kg
Jeffrey Thiele,06/17/2017,97.82,820 kg,113.2 kg
Kyle Nowak,03/26/2022,97.82,630 kg,66.5 kg
Dan Holly,06/24/2018,97.82,735 kg,89.8 kg
Matthew Middleton,09/10/2022,97.81,760 kg,96.2 kg
Jacob Combs,01/29/2023,97.81,732.5 kg,89.2 kg
Luis Ortuno,01/22/2017,97.80,685 kg,78.1 kg
James Thorne,10/22/2022,97.80,700 kg,81.5 kg
Tyree Davis,02/16/2020,97.80,700 kg,81.5 kg
Andres Ramos,10/16/2019,97.78,625 kg,65.6 kg
Evan Leduc,08/07/2021,97.78,702.5 kg,82.1 kg
Orlando McGriff,08/31/2019,97.78,742.5 kg,91.8 kg
Randall ,12/06/2014,97.77,735 kg,89.9 kg
Jordan Glenn,06/08/2022,97.77,735 kg,89.9 kg
Johnathan Song,02/19/2023,97.76,732.5 kg,89.3 kg
Mason Sarra,04/13/2023,97.76,702.5 kg,82.1 kg
Leon Oyaro,12/07/2019,97.75,780 kg,101.7 kg
Lawrence Chambers,06/25/2022,97.75,697.5 kg,81 kg
David Charles,10/08/2022,97.70,732.5 kg,89.4 kg
AJ RODRIGUEZ,11/05/2016,97.68,700 kg,81.7 kg
Chris Tran,11/15/2020,97.67,670 kg,58.9 kg
Deontay Walker,08/21/2021,97.67,790 kg,104.7 kg
Miles Gunter,01/25/2020,97.67,652.5 kg,71.3 kg
David Alberts,07/23/2016,97.65,695 kg,80.6 kg
De'Quinton Gie,03/06/2022,97.64,700 kg,81.8 kg
Michael Hedlesky,02/28/2014,97.64,825 kg,115.2 kg
Caleb Happel,01/20/2018,97.63,740 kg,91.4 kg
Gabriel Malone,06/10/2017,97.63,697.5 kg,81.2 kg
Jonathan Lavoie,10/31/2020,97.62,700 kg,81.8 kg
Michael Garozzo,10/10/2017,97.61,787.5 kg,104.1 kg
Zachary Vanderhoff,04/13/2023,97.61,695 kg,80.7 kg
Angelo Alfano,11/06/2021,97.61,615 kg,63.8 kg
Alexander Goodwin,07/06/2019,97.58,835 kg,118.6 kg
Carrington Amadi,11/05/2022,97.57,877.5 kg,133.3 kg
Trevor Philips Brown,02/04/2023,97.57,725 kg,87.8 kg
Collyn Richardson,03/06/2020,97.57,907.5 kg,145 kg
Pedro Rabello,07/30/2022,97.57,680 kg,77.4 kg
Alex Hong,11/19/2022,97.55,700 kg,81.9 kg
Jason Peterson,09/09/2018,97.54,702.5 kg,82.5 kg
Johnlou Bernard Reyes,04/13/2023,97.54,802.5 kg,108.6 kg
Sevon Bumper,11/13/2022,97.54,732.5 kg,89.7 kg
Nicholas Tylutki,03/01/2013,97.53,787.5 kg,104.3 kg
Robbie Karstendiek,10/13/2016,97.53,697.5 kg,81.4 kg
Devon Fletcher,12/03/2022,97.53,730 kg,89.1 kg
Cardell Oliver,12/12/2015,97.53,780 kg,102.2 kg
Mason Mitchell,03/30/2023,97.53,765 kg,98.1 kg
Jack Nguyen,04/13/2023,97.52,730 kg,89.1 kg
Tyler Wang,03/06/2022,97.51,760 kg,96.8 kg
Johnathan Norcott,03/04/2017,97.49,785 kg,103.7 kg
Rolando Verduzco,04/14/2018,97.48,730 kg,89.2 kg
Hunter Fryman,02/08/2020,97.48,782.5 kg,103 kg
James Bryant,11/06/2021,97.48,702.5 kg,82.6 kg
Jonah Liwag,07/03/2022,97.46,755 kg,95.6 kg
Shaheed Bryant,06/14/2021,97.46,579.5 kg,57.2 kg
Joker ,02/28/2015,97.45,739.4 kg,91.6 kg
Motti Goldberger,03/26/2022,97.45,627.5 kg,66.5 kg
Kyle Morris,03/11/2023,97.45,667.5 kg,74.8 kg
Kevin Yeboah,11/05/2022,97.45,762.5 kg,97.6 kg
Jake Needham,08/25/2018,97.44,742.5 kg,92.4 kg
Vanden Grube,10/27/2019,97.44,787.5 kg,104.5 kg
Kris Hunt,11/08/2014,97.43,732.5 kg,89.9 kg
Osmar Franco-Barrios,04/29/2023,97.42,667.5 kg,74.9 kg
Chi Kwon Jung,06/03/2023,97.40,665 kg,74.3 kg
Johnathan Tentoni,11/14/2020,97.39,735 kg,90.6 kg
Matthew Thomas,04/13/2023,97.39,755 kg,95.7 kg
Everardo Crispin,04/13/2023,97.38,627.5 kg,66.6 kg
Benjamin Lawrence,12/17/2022,97.38,732.5 kg,90 kg
Mike Loncharich,08/03/2012,97.37,700 kg,82.2 kg
Varron Reed,11/19/2022,97.36,757.5 kg,96.5 kg
Luke Nilo,03/07/2020,97.35,777.5 kg,101.9 kg
Ricardo Gomez,10/22/2022,97.35,762.5 kg,97.8 kg
Jean-Luc Badon,07/07/2017,97.35,785 kg,104 kg
Jakweli Gist,03/25/2023,97.34,715 kg,85.8 kg
Angel Moreno,03/02/2019,97.34,662.5 kg,73.9 kg
Dwight Simmons,08/06/2022,97.31,827.5 kg,116.9 kg
Nikolas Williams,04/22/2023,97.30,727.5 kg,88.9 kg
Joshua Longoria,03/11/2023,97.29,900 kg,143 kg
Kasey Pham,12/10/2022,97.29,665 kg,74.5 kg
Logan Biedermann,04/13/2023,97.28,692.5 kg,80.6 kg
Abram Guerra,04/07/2017,97.28,895 kg,92.6 kg
Andre Cancilla,05/13/2023,97.27,770 kg,100 kg
Leandro Gerard Faraon,06/08/2022,97.27,627.5 kg,66.7 kg
Julian Posas,05/23/2021,97.27,702.5 kg,83 kg
Kyle Coogan,03/08/2020,97.27,662.5 kg,74 kg
Nicklas Gilmour,04/13/2023,97.26,730 kg,89.6 kg
Tomas Sarik,03/03/2018,97.25,1005 kg,119.6 kg
Aaron Martinez,06/03/2023,97.25,695 kg,81.3 kg
Mason Lopez,03/13/2021,97.21,730 kg,89.7 kg
Jeffrey Chavez,06/08/2022,97.20,695 kg,81.3 kg
Aj Alvarez,04/07/2017,97.19,787.5 kg,105.1 kg
Jeff Hanselman,04/15/2017,97.19,700 kg,82.5 kg
Jackson Jackson,04/22/2023,97.19,786.5 kg,104.8 kg
Michael Pennacchia Jr,10/10/2017,97.17,782.5 kg,103.7 kg
Aaron Pomerantz,04/07/2017,97.17,832.5 kg,81.5 kg
Kyle Hunt,08/18/2018,97.17,660 kg,73.6 kg
Derek Gove,06/01/2014,97.14,700 kg,82.6 kg
Kevin Cherry,02/25/2023,97.14,717.5 kg,86.8 kg
Sean Kishel,02/05/2023,97.13,760 kg,97.6 kg
Paul Beck,09/10/2022,97.12,727.5 kg,89.3 kg
Saimon Haddad,04/13/2023,97.12,767.5 kg,99.6 kg
Gabriel Zakaryan,08/13/2022,97.12,800 kg,108.9 kg
Jorden Flowers,04/29/2023,97.12,722.5 kg,88 kg
Dianxiong Lin,03/04/2023,97.12,665 kg,74.8 kg
Ray Bowring,11/19/2022,97.11,900 kg,143.7 kg
Judah Jones,10/22/2022,97.10,767.5 kg,99.7 kg
Duncan Hundley,04/08/2021,97.09,832.5 kg,119.1 kg
Kyle White,04/13/2023,97.08,727.5 kg,89.3 kg
Niels Levy-Thiebaut,04/13/2023,97.08,727.5 kg,89.3 kg
Craig Malkowicz,10/10/2017,97.08,727.5 kg,89.3 kg
Nicholas Larson,10/01/2022,97.07,730 kg,90 kg
Richard Shorts,03/26/2022,97.07,695 kg,81.5 kg
Zachary Watson,07/23/2022,97.06,717.5 kg,86.9 kg
Logan Jones,04/01/2023,97.06,720 kg,87.5 kg
Alex Beaufort,12/03/2022,97.06,660 kg,73.8 kg
Austin Miller,10/02/2021,97.05,730 kg,90 kg
Anthony Scolaro,01/01/2012,97.05,730 kg,90 kg
Darious Stokes,05/20/2023,97.04,622.5 kg,66 kg
Noah Mathes,12/03/2022,97.02,762.5 kg,98.5 kg
Chad Wilde,05/04/2019,97.01,740 kg,92.6 kg
Chase Chapa,11/19/2022,97.01,582.5 kg,58.3 kg
Luke Graham,03/03/2017,96.99,775 kg,102 kg
Mirwaise Masroor,10/16/2019,96.99,762.5 kg,98.6 kg
Thomas Soto,04/19/2018,96.98,617.5 kg,65.1 kg
Danny Lewis,10/16/2019,96.97,775 kg,102.1 kg
Jeff Thiele,01/01/2013,96.96,800 kg,109.3 kg
Michael Vargas,03/11/2023,96.95,690 kg,80.6 kg
Frederick Hannie,06/23/2018,96.95,772.5 kg,101.4 kg
Jared Hernandez,07/31/2021,96.95,690 kg,80.6 kg
Maxon Shethar,03/26/2022,96.94,885 kg,138.3 kg
Antonio Yharbrough,02/11/2023,96.93,847.5 kg,124.6 kg
Marvin Cujcuj,05/06/2023,96.93,660 kg,74 kg
Brody Littrell,04/13/2023,96.93,697.5 kg,82.4 kg
Ryan Patterson,02/15/2020,96.92,812.5 kg,113.2 kg
George Nomah,05/20/2023,96.91,722.5 kg,88.4 kg
Jacob Bradsher,10/13/2016,96.90,727.5 kg,89.7 kg
James Pearson,02/20/2016,96.90,827.5 kg,118 kg
Marcos Chavez,12/03/2022,96.89,652.5 kg,72.4 kg
Ivan Arroyo,12/10/2022,96.89,627.5 kg,67.2 kg
Joshua Earnest,10/10/2017,96.87,817.5 kg,114.9 kg
Brandon Rojo,09/24/2022,96.86,695 kg,81.9 kg
Wesley Allen,03/05/2022,96.86,725 kg,89.1 kg
Tyler Tai Nguyen,10/15/2022,96.85,690 kg,80.8 kg
Guillermo Casal,04/10/2021,96.83,732.5 kg,91 kg
Atomu Wakamatsu,06/08/2022,96.83,692.5 kg,81.4 kg
Troy Thompson,03/11/2023,96.82,727.5 kg,89.8 kg
RD Caldwell Jr,11/09/2013,96.81,740 kg,93 kg
Ethan Winn,11/12/2022,96.81,750 kg,95.6 kg
Ryan Kiecker,10/10/2017,96.81,697.5 kg,82.6 kg
Jared Zapanta,04/13/2023,96.80,660 kg,74.1 kg
Jean Laguerre,05/01/2021,96.79,825 kg,117.5 kg
Wascar Carpio,03/06/2022,96.78,590 kg,60 kg
Pham Gia Phuc Doan,10/22/2022,96.78,687.5 kg,80.3 kg
Michael Brinson,12/02/2017,96.78,907.5 kg,148.1 kg
Nicholas Farison,04/27/2019,96.77,657.5 kg,73.7 kg
Walter Oro Abrahao,04/29/2023,96.76,762.5 kg,99.1 kg
Justin Whitten,04/13/2019,96.74,782.5 kg,104.7 kg
Ian Macena,12/03/2022,96.74,727.5 kg,90 kg
Adam Cecchetto,10/08/2022,96.74,752.5 kg,96.4 kg
Alex Mostacero,11/05/2022,96.74,792.5 kg,107.6 kg
Joe Morrow,12/02/2017,96.74,607.5 kg,63.4 kg
Michael Walker,10/10/2017,96.73,730 kg,90.6 kg
John Planas,06/29/2019,96.72,827.5 kg,118.5 kg
Delbert Moran,07/24/2021,96.72,702.5 kg,83.9 kg
Milo Arlinghaus,05/27/2023,96.72,727.5 kg,90 kg
Antonio Thomas,05/01/2022,96.72,792.5 kg,107.7 kg
Anthony Gargiulo,01/13/2019,96.72,817.5 kg,115.3 kg
Nathan Gorham,03/03/2023,96.72,827.5 kg,118.5 kg
Nicholas Gorham,10/15/2022,96.71,695 kg,82.2 kg
Andrew Jaroszewski,11/19/2022,96.70,760 kg,98.5 kg
Adam Cavallaro,08/24/2019,96.70,732.5 kg,91.3 kg
Oscar Hernandez,03/11/2023,96.69,660 kg,74.3 kg
Marshall Willingham,04/12/2019,96.69,727.5 kg,90.1 kg
Marc Thomas,11/16/2019,96.69,722.5 kg,88.8 kg
Cody Shreve,12/11/2021,96.68,695 kg,82.2 kg
Tevin Browne,05/01/2021,96.68,965 kg,176.6 kg
John Paul Arreglado,03/11/2023,96.66,625 kg,67 kg
David Thompson,06/11/2023,96.66,797.5 kg,109.3 kg
Cody Gassman,03/19/2022,96.65,720 kg,88.3 kg
Raymond Jin,01/21/2023,96.61,760 kg,98.7 kg
William LeBlanc,03/16/2019,96.60,780 kg,104.3 kg
John Tyler,01/23/2021,96.60,697.5 kg,82.9 kg
William O'Neil-White,10/08/2022,96.60,867.5 kg,132.8 kg
Kyle Phipps,10/02/2021,96.58,722.5 kg,89 kg
David Cauchon,05/06/2017,96.56,647.5 kg,71.8 kg
Michael Lewis,04/13/2023,96.56,680 kg,78.9 kg
Michael Rodriguez,12/03/2016,96.56,862.5 kg,131.1 kg
Nolan Matthew,02/15/2014,96.55,775 kg,103 kg
William Valle,03/04/2017,96.53,737.5 kg,92.9 kg
Chris Morris,11/19/2022,96.53,717.5 kg,87.9 kg
Erik Kasabuske,08/15/2016,96.52,887.5 kg,92.5 kg
Mike Zimmerman,06/04/2016,96.52,807.5 kg,112.7 kg
Clarence Lyons,07/27/2019,96.50,727.5 kg,90.4 kg
Mike Tedesco,04/13/2023,96.50,790 kg,107.4 kg
Stephen Johnson-Shea,04/13/2023,96.49,750.5 kg,96.4 kg
Manik Sarik,10/22/2022,96.49,660 kg,74.6 kg
David Mcdonald,03/06/2020,96.49,652.5 kg,73 kg
Michael Hennessy,09/10/2022,96.49,690 kg,81.4 kg
Anthony Loreto,09/29/2018,96.48,735 kg,92.4 kg
Nicholas Arce,07/21/2018,96.48,737.5 kg,93 kg
Brad Vivace,09/17/2017,96.46,802.5 kg,111.3 kg
jaron christian,12/17/2016,96.46,735 kg,92.4 kg
Johnny Vega,10/16/2021,96.44,687.5 kg,80.9 kg
Willie Lim,10/10/2017,96.44,617.5 kg,65.8 kg
Jack Lutze,04/13/2023,96.44,655 kg,73.6 kg
Evan Bushman,03/25/2023,96.43,710 kg,86.2 kg
Christian Coronado,10/16/2019,96.41,695 kg,82.7 kg
Jacob Odum,04/13/2023,96.40,692.5 kg,82.1 kg
Decarlo Myles,12/08/2018,96.39,732.5 kg,91.9 kg
Daniel Austin,07/21/2018,96.39,692.5 kg,82.1 kg
Peter Esset,04/22/2023,96.37,722.5 kg,89.4 kg
Kelenei Kintaro,01/21/2023,96.37,792.5 kg,108.5 kg
Nolan Toti,01/18/2020,96.37,827.5 kg,119.5 kg
Joshua Price,01/29/2022,96.36,842.5 kg,124.6 kg
Reginald Mouton,03/25/2023,96.36,692.5 kg,82.2 kg
Thomas Gottschalk,05/04/2019,96.35,727.5 kg,90.7 kg
Johnathan Nguyen,04/13/2023,96.34,617.5 kg,65.9 kg
Jacob Green,04/30/2023,96.34,722.5 kg,89.5 kg
Jarel Turner,06/15/2019,96.34,700 kg,84 kg
Matthew Anderson,10/16/2019,96.33,655 kg,73.8 kg
Ronald Yard Jr,12/12/2014,96.33,840.5 kg,124 kg
Joseph Pena,04/08/2021,96.33,975 kg,184.4 kg
Edward Hinson,02/17/2023,96.32,687.5 kg,81.1 kg
Michael Jin,10/11/2018,96.32,695 kg,82.8 kg
Victor Cabali,11/13/2021,96.32,695 kg,82.8 kg
Michael Weshnak,07/09/2021,96.31,730 kg,91.4 kg
Justen Frank,03/14/2014,96.31,762.4 kg,100 kg
Ken Morris,10/11/2018,96.29,880 kg,138.7 kg
Jesse Moores,03/04/2017,96.29,617.5 kg,66 kg
Cordarius Harris,06/17/2023,96.29,645.5 kg,57.2 kg
Nathan Redwing,04/23/2022,96.26,907.5 kg,150.3 kg
Allan Bautista,08/13/2022,96.26,682.5 kg,80 kg
Spencer Mann,11/05/2022,96.25,792.5 kg,108.8 kg
Steven Archer,04/06/2019,96.24,772.5 kg,103 kg
John Paul Cauchi,11/05/2022,96.24,692.5 kg,82.4 kg
Aaron Javier,02/04/2023,96.24,752.5 kg,97.5 kg
Mateo Manko,04/13/2023,96.22,787.5 kg,107.4 kg
Chris Salazar,06/25/2022,96.21,722.5 kg,89.7 kg
Emmanuel Agyemang,10/22/2022,96.21,685 kg,80.7 kg
Jeffrey Glover,06/04/2022,96.20,652.5 kg,73.4 kg
Rene Brunner,03/04/2017,96.20,775 kg,103.8 kg
Kayon Mitchell,11/12/2022,96.19,745 kg,95.6 kg
Mark Bogle,06/03/2023,96.19,630 kg,68.7 kg
Clifford David,11/14/2020,96.18,717.5 kg,88.5 kg
Jaime Turcios,03/18/2023,96.17,817.5 kg,116.8 kg
Wilton Adames,10/29/2022,96.17,752.5 kg,97.6 kg
Christopher Hanna,05/13/2023,96.16,645 kg,71.9 kg
Allen Matsumoto,02/04/2023,96.16,717.5 kg,88.6 kg
Eddie Lundberg,02/12/2023,96.16,690 kg,81.9 kg
Lee Gerth,09/10/2022,96.16,755 kg,98.3 kg
Matthew Himes,01/28/2023,96.16,655 kg,74 kg
Connor Parks,12/10/2022,96.15,790 kg,108.3 kg
Robert Moore,03/25/2023,96.15,692.5 kg,82.5 kg
Gavin King,04/08/2021,96.14,720 kg,89.2 kg
Phillip Wilson,01/15/2022,96.14,682.5 kg,80.2 kg
Obed Hernandez,04/08/2021,96.14,882.5 kg,92.2 kg
Abiy Ababu,01/21/2023,96.13,780 kg,105.4 kg
Roland Julian Sulit,11/13/2022,96.10,690 kg,82 kg
Dawson Castro,04/22/2023,96.09,685 kg,80.9 kg
Makay Ashby,04/29/2023,96.09,685 kg,80.9 kg
Joshua Smith,12/07/2019,96.09,715 kg,88.1 kg
Auston Wallace,07/15/2017,96.08,732.5 kg,92.5 kg
Curtis Whitten,06/25/2022,96.08,752.5 kg,97.8 kg
Ryan King,05/14/2016,96.08,732.5 kg,92.5 kg
miguel jimenez,04/13/2023,96.07,620 kg,66.8 kg
Bryan Dawe,10/22/2022,96.07,745 kg,95.8 kg
Robert Trettin,07/19/2013,96.07,775 kg,104.1 kg
James Meador IV,08/11/2018,96.06,987.5 kg,118 kg
Zack Anderson,03/11/2023,96.06,685 kg,80.9 kg
Nick Santangelo,04/28/2018,96.06,730 kg,91.9 kg
Donovan Parker Aleem,01/19/2019,96.06,727.5 kg,91.3 kg
Mark Harvey,10/16/2019,96.05,732.5 kg,92.6 kg
David Jurgens,01/29/2017,96.04,720 kg,89.4 kg
Cameron Barukzoy,06/08/2019,96.04,727.5 kg,91.3 kg
Richard Aluko,06/10/2016,96.04,690 kg,82.1 kg
Brett Kempski,11/23/2019,96.04,710 kg,86.9 kg
Charles Ellison,04/13/2023,96.03,690 kg,82.1 kg
Thomas O'Malley,07/11/2015,96.03,795 kg,110.1 kg
Davis Parella,03/06/2020,96.00,615 kg,65.8 kg
Kendall Washington,06/08/2022,96.00,622.5 kg,67.4 kg
Callum Hurst,05/27/2023,95.99,657.5 kg,74.8 kg
Joshua Sparks,05/06/2023,95.99,687.5 kg,81.6 kg
Zackary Sanders,10/10/2017,95.99,732.5 kg,92.7 kg
Alex Hanson,08/18/2018,95.99,687.5 kg,81.6 kg
Jesse Norman,05/21/2023,95.99,785 kg,107.2 kg
Joshua Dannunzio,01/18/2020,95.99,762.5 kg,100.8 kg
Carlos Mata,03/04/2023,95.96,652.5 kg,73.8 kg
Tony Nguyen,03/12/2023,95.96,752.5 kg,98.1 kg
John Haughney,02/24/2018,95.96,847.5 kg,127.6 kg
Jose Guzman,02/01/2020,95.96,730 kg,92.1 kg
Roderick Brown,03/20/2021,95.95,582.5 kg,59.5 kg
Lee Maccarone,10/01/2022,95.95,690 kg,82.3 kg
Joe Bertone,02/19/2022,95.95,827.5 kg,120.7 kg
Dylan Price,04/13/2023,95.94,652.5 kg,73.8 kg
Kristoff Firedancing,03/25/2023,95.94,840 kg,125 kg
Jon Moore,12/04/2021,95.94,812.5 kg,115.8 kg
Derek Dowrey,03/01/2020,95.93,955 kg,175.2 kg
Ronell Labrada,10/01/2022,95.93,792.5 kg,109.6 kg
Paul Manzella,01/28/2023,95.93,687.5 kg,81.7 kg
Benjamin Lawrence,10/29/2022,95.93,792.5 kg,109.6 kg
Daryl Duncan,06/01/2019,95.92,690 kg,82.3 kg
Peter Li,10/13/2018,95.91,645 kg,72.2 kg
Denzel Robinson,01/28/2023,95.90,705.5 kg,86.1 kg
